id,name,email,city,address,date,created_at,updated_at
1,Kareem Haley,ozella@roob.biz,Carlieville,71115 Verlie Stream,2006-05-02,2015-03-20 12:24:19 UTC,2015-03-20 12:24:19 UTC
2,Robbie Mann,laisha@yundt.org,New Ken,8341 Yundt Place,1991-04-14,2015-03-20 12:24:21 UTC,2015-03-20 12:24:21 UTC
3,Myrl Graham,joel.gleichner@browncartwright.net,West Stephania,563 Rohan Fords,1982-12-31,2015-03-20 12:24:22 UTC,2015-03-20 12:24:22 UTC
4,Miss Ayden Stanton,je@satterfield.net,Gaylordtown,354 Garland Rapid,1986-10-17,2015-03-20 12:24:24 UTC,2015-03-20 12:24:24 UTC
5,Hyman Hickle DVM,marjolaine.gottlieb@schinnerfunk.name,Lake Katharina,511 Keebler Harbor,1989-10-30,2015-03-20 12:24:31 UTC,2015-03-20 12:24:31 UTC
6,Dr. Caden Lockman,michelle_goldner@pagac.net,Constantinview,23444 Hansen Mountains,2012-08-12,2015-03-20 12:24:33 UTC,2015-03-20 12:24:33 UTC
7,Lemuel Rippin,elza@pfannerstill.name,Kianabury,13386 Robyn Shoals,1989-04-29,2015-03-20 12:24:38 UTC,2015-03-20 12:24:38 UTC
8,Jan Beahan,zion.sawayn@parker.biz,Lakinshire,65397 Kulas Ramp,1981-10-28,2015-03-20 12:24:42 UTC,2015-03-20 12:24:42 UTC
9,Mr. Marina Larkin,cristina@lindemmerich.name,Pacochashire,525 Bode Trafficway,1982-02-18,2015-03-20 12:24:49 UTC,2015-03-20 12:24:49 UTC
10,Teresa Marvin,samir@dietrich.org,Mannburgh,922 Jammie Walk,1998-03-18,2015-03-20 12:24:52 UTC,2015-03-20 12:24:52 UTC
11,Ms. Lennie Zulauf,adaline.kohler@hartmann.org,Lake Odessamouth,3325 Micah Village,1995-06-09,2015-03-20 12:24:59 UTC,2015-03-20 12:24:59 UTC
12,Dr. Garret Gorczany,domenico@auer.com,Naomishire,2783 Schiller Plain,1984-02-10,2015-03-20 12:25:06 UTC,2015-03-20 12:25:06 UTC
13,Mrs. Maurice Turner,modesto@legros.net,Kolbyborough,50721 Reuben Villages,2007-12-22,2015-03-20 12:25:10 UTC,2015-03-20 12:25:10 UTC
14,Shayne Zieme,lon@ondricka.org,New Lewischester,62427 Pollich Drives,1983-03-12,2015-03-20 12:25:14 UTC,2015-03-20 12:25:14 UTC
15,Ms. Margarita Sauer,brenna@bruencrona.org,New Tadville,187 Hilpert River,1980-08-19,2015-03-20 12:25:20 UTC,2015-03-20 12:25:20 UTC
16,Miss Stephen Murazik,sammie.swaniawski@homenick.com,West Eulahville,4372 Maria Groves,2011-03-25,2015-03-20 12:25:21 UTC,2015-03-20 12:25:21 UTC
17,Darryl Mante,angie.watsica@thompson.org,North Rubyview,11730 Estefania Rest,2014-11-12,2015-03-20 12:25:31 UTC,2015-03-20 12:25:31 UTC
18,Josue Collier,loma_carter@gislason.net,Thieltown,9516 Einar Harbor,1989-04-01,2015-03-20 12:25:36 UTC,2015-03-20 12:25:36 UTC
19,Julia Considine,roie_watsica@franecki.org,Sylviafurt,6817 Casper Alley,2011-09-23,2015-03-20 12:25:37 UTC,2015-03-20 12:25:37 UTC
20,Magdalena Funk,clementina@keeling.net,Port Kody,425 Marcelle Underpass,1998-01-19,2015-03-20 12:25:42 UTC,2015-03-20 12:25:42 UTC
