email,name
ozella@roob.biz,Kareem Haley
laisha@yundt.org,Robbie Mann
joel.gleichner@browncartwright.net,Myrl Graham
je@satterfield.net,Miss Ayden Stanton
marjolaine.gottlieb@schinnerfunk.name,Hyman Hickle DVM
michelle_goldner@pagac.net,Dr. Caden Lockman
elza@pfannerstill.name,Lemuel Rippin
zion.sawayn@parker.biz,Jan Beahan
cristina@lindemmerich.name,Mr. Marina Larkin
samir@dietrich.org,Teresa Marvin
adaline.kohler@hartmann.org,Ms. Lennie Zulauf
domenico@auer.com,Dr. Garret Gorczany
modesto@legros.net,Mrs. Maurice Turner
lon@ondricka.org,Shayne Zieme
brenna@bruencrona.org,Ms. Margarita Sauer
sammie.swaniawski@homenick.com,Miss Stephen Murazik
angie.watsica@thompson.org,Darryl Mante
loma_carter@gislason.net,Josue Collier
roie_watsica@franecki.org,Julia Considine
clementina@keeling.net,Magdalena Funk
